<?xml version="1.0" encoding="UTF-8"?>
<jcr:root xmlns:granite="http://www.adobe.com/jcr/granite/1.0" xmlns:jcr="http://www.jcp.org/jcr/1.0" xmlns:nt="http://www.jcp.org/jcr/nt/1.0"
    jcr:primaryType="nt:unstructured"
    id="root">
    <google/>
    <xmleditor/>
    <assets/>
    <tools
        jcr:primaryType="nt:unstructured"
        jcr:title="Tools"
        id="cq-tools"
        order="{Long}200">
        <xmladdonconfigurations
            jcr:primaryType="nt:unstructured"
            jcr:title="Guides"
            id="fmdita-tools-xmladdon">
            <profiles/>
            <contentreuse/>
            <conversionlogs/>
            <granite:rendercondition/>
            <folderprofiles/>
            <states/>
            <ditaserialization/>
            <versionRevertHistory/>
            <bulkpublishDashboard/>
            <publishdashboard/>
            <move/>
            <guidlookup
                jcr:description="Lookup a GUID (troubleshooting)"
                jcr:primaryType="nt:unstructured"
                jcr:title="GUID Lookup Tool"
                href="/apps/fmdita/components/guidlookup/lookup.html"
                icon="gears"/>
        </xmladdonconfigurations>
        <acs-tools/>
        <acs-commons/>
        <cloudservices/>
    </tools>
</jcr:root>
